"Time","Round","From","To","Action","Actual","Hold","Epoch","Taskbar","Pass","Foreground"
"2026-10-06T03:53:15.5172489+09:00","1","Start","Search","switch","Search","14","14","0,1368,2560,1440","True","SearchHost"
"2026-10-06T03:53:19.1206983+09:00","1","Start","Quick","switch","Quick","15","15","0,1368,2560,1440","True","ShellHost"
"2026-10-06T03:53:22.6602935+09:00","1","Start","Notifications","switch","Notifications","16","16","0,1368,2560,1440","True","ShellExperienceHost"
"2026-10-06T03:53:26.2060390+09:00","1","Start","Overflow","switch","Overflow","17","17","0,1368,2560,1440","True","explorer"
"2026-10-06T03:53:29.7430226+09:00","1","Search","Start","switch","Start","18","18","0,1368,2560,1440","True","SearchHost"
"2026-10-06T03:53:33.2747317+09:00","1","Search","Quick","switch","Quick","19","19","0,1368,2560,1440","True","ShellHost"
"2026-10-06T03:53:36.8263112+09:00","1","Search","Notifications","switch","Notifications","20","20","0,1368,2560,1440","True","ShellExperienceHost"
"2026-10-06T03:53:40.3720253+09:00","1","Search","Overflow","switch","Overflow","21","21","0,1368,2560,1440","True","explorer"
"2026-10-06T03:53:43.9012434+09:00","1","Quick","Start","switch","Start","22","22","0,1368,2560,1440","True","SearchHost"
"2026-10-06T03:53:47.4393886+09:00","1","Quick","Search","switch","Search","23","23","0,1368,2560,1440","True","SearchHost"
"2026-10-06T03:53:50.9747272+09:00","1","Quick","Notifications","switch","Notifications","24","24","0,1368,2560,1440","True","ShellExperienceHost"
"2026-10-06T03:53:54.5314012+09:00","1","Quick","Overflow","switch","Overflow","25","25","0,1368,2560,1440","True","explorer"
"2026-10-06T03:53:58.1000474+09:00","1","Notifications","Start","switch","Start","26","26","0,1368,2560,1440","True","SearchHost"
"2026-10-06T03:54:01.6693499+09:00","1","Notifications","Search","switch","Search","27","27","0,1368,2560,1440","True","SearchHost"
"2026-10-06T03:54:05.2208689+09:00","1","Notifications","Quick","switch","Quick","28","28","0,1368,2560,1440","True","ShellHost"
"2026-10-06T03:54:08.7157159+09:00","1","Notifications","Overflow","switch","Overflow","29","29","0,1368,2560,1440","True","explorer"
"2026-10-06T03:54:12.2397385+09:00","1","Overflow","Start","switch","Start","30","30","0,1368,2560,1440","True","SearchHost"
"2026-10-06T03:54:15.7935697+09:00","1","Overflow","Search","switch","Search","31","31","0,1368,2560,1440","True","SearchHost"
"2026-10-06T03:54:19.3327172+09:00","1","Overflow","Quick","switch","Quick","32","32","0,1368,2560,1440","True","ShellHost"
"2026-10-06T03:54:22.8505544+09:00","1","Overflow","Notifications","switch","Notifications","33","33","0,1368,2560,1440","True","ShellExperienceHost"
"2026-10-06T03:54:26.3674503+09:00","1","Start","Start","toggle","","0","34","0,1368,2560,1440","True",""
"2026-10-06T03:54:29.9218977+09:00","1","Search","Search","toggle","","0","35","0,1368,2560,1440","True",""
"2026-10-06T03:54:33.4574777+09:00","1","Quick","Quick","toggle","","0","36","0,1368,2560,1440","True",""
"2026-10-06T03:54:37.0052708+09:00","1","Notifications","Notifications","toggle","","0","37","0,1368,2560,1440","True","explorer"
"2026-10-06T03:54:40.5238132+09:00","1","Overflow","Overflow","toggle","","0","38","0,1368,2560,1440","True","explorer"
"2026-10-06T03:54:46.6710315+09:00","2","Start","Search","switch","Search","39","39","0,1368,2560,1440","True","SearchHost"
"2026-10-06T03:54:50.2211316+09:00","2","Start","Quick","switch","Quick","40","40","0,1368,2560,1440","True","ShellHost"
"2026-10-06T03:54:53.7406492+09:00","2","Start","Notifications","switch","Notifications","41","41","0,1368,2560,1440","True","ShellExperienceHost"
"2026-10-06T03:54:57.2898962+09:00","2","Start","Overflow","switch","Overflow","42","42","0,1368,2560,1440","True","explorer"
"2026-10-06T03:55:00.8260272+09:00","2","Search","Start","switch","Start","43","43","0,1368,2560,1440","True","SearchHost"
"2026-10-06T03:55:04.3812333+09:00","2","Search","Quick","switch","Quick","44","44","0,1368,2560,1440","True","ShellHost"
"2026-10-06T03:55:07.9300346+09:00","2","Search","Notifications","switch","Notifications","45","45","0,1368,2560,1440","True","ShellExperienceHost"
"2026-10-06T03:55:11.4836682+09:00","2","Search","Overflow","switch","Overflow","46","46","0,1368,2560,1440","True","explorer"
"2026-10-06T03:55:15.0071694+09:00","2","Quick","Start","switch","Start","47","47","0,1368,2560,1440","True","SearchHost"
"2026-10-06T03:55:18.5618181+09:00","2","Quick","Search","switch","Search","48","48","0,1368,2560,1440","True","SearchHost"
"2026-10-06T03:55:22.0739810+09:00","2","Quick","Notifications","switch","Notifications","49","49","0,1368,2560,1440","True","ShellExperienceHost"
"2026-10-06T03:55:25.6093663+09:00","2","Quick","Overflow","switch","Overflow","50","50","0,1368,2560,1440","True","explorer"
"2026-10-06T03:55:29.1226063+09:00","2","Notifications","Start","switch","Start","51","51","0,1368,2560,1440","True","SearchHost"
"2026-10-06T03:55:32.6404155+09:00","2","Notifications","Search","switch","Search","52","52","0,1368,2560,1440","True","SearchHost"
"2026-10-06T03:55:36.1774196+09:00","2","Notifications","Quick","switch","Quick","53","53","0,1368,2560,1440","True","ShellHost"
"2026-10-06T03:55:39.6950258+09:00","2","Notifications","Overflow","switch","Overflow","54","54","0,1368,2560,1440","True","explorer"
"2026-10-06T03:55:43.2458413+09:00","2","Overflow","Start","switch","Start","55","55","0,1368,2560,1440","True","SearchHost"
"2026-10-06T03:55:46.7970409+09:00","2","Overflow","Search","switch","Search","56","56","0,1368,2560,1440","True","SearchHost"
"2026-10-06T03:55:50.3071172+09:00","2","Overflow","Quick","switch","Quick","57","57","0,1368,2560,1440","True","ShellHost"
"2026-10-06T03:55:53.8544222+09:00","2","Overflow","Notifications","switch","Notifications","58","58","0,1368,2560,1440","True","ShellExperienceHost"
"2026-10-06T03:55:57.3700475+09:00","2","Start","Start","toggle","","0","59","0,1368,2560,1440","True",""
"2026-10-06T03:56:00.8826956+09:00","2","Search","Search","toggle","","0","60","0,1368,2560,1440","True",""
"2026-10-06T03:56:04.4140534+09:00","2","Quick","Quick","toggle","","0","61","0,1368,2560,1440","True",""
"2026-10-06T03:56:07.9483532+09:00","2","Notifications","Notifications","toggle","","0","62","0,1368,2560,1440","True","explorer"
"2026-10-06T03:56:11.4724471+09:00","2","Overflow","Overflow","toggle","","0","63","0,1368,2560,1440","True","explorer"
"2026-10-06T03:56:17.5991520+09:00","3","Start","Search","switch","Search","64","64","0,1368,2560,1440","True","SearchHost"
"2026-10-06T03:56:21.1569299+09:00","3","Start","Quick","switch","Quick","65","65","0,1368,2560,1440","True","ShellHost"
"2026-10-06T03:56:24.7029269+09:00","3","Start","Notifications","switch","Notifications","66","66","0,1368,2560,1440","True","ShellExperienceHost"
"2026-10-06T03:56:28.2122982+09:00","3","Start","Overflow","switch","Overflow","67","67","0,1368,2560,1440","True","explorer"
"2026-10-06T03:56:31.7715813+09:00","3","Search","Start","switch","Start","68","68","0,1368,2560,1440","True","SearchHost"
"2026-10-06T03:56:35.3018394+09:00","3","Search","Quick","switch","Quick","69","69","0,1368,2560,1440","True","ShellHost"
"2026-10-06T03:56:38.8239029+09:00","3","Search","Notifications","switch","Notifications","70","70","0,1368,2560,1440","True","ShellExperienceHost"
"2026-10-06T03:56:42.3109132+09:00","3","Search","Overflow","switch","Overflow","71","71","0,1368,2560,1440","True","explorer"
"2026-10-06T03:56:45.8629267+09:00","3","Quick","Start","switch","Start","72","72","0,1368,2560,1440","True","SearchHost"
"2026-10-06T03:56:49.4270890+09:00","3","Quick","Search","switch","Search","73","73","0,1368,2560,1440","True","SearchHost"
"2026-10-06T03:56:52.9390578+09:00","3","Quick","Notifications","switch","Notifications","74","74","0,1368,2560,1440","True","ShellExperienceHost"
"2026-10-06T03:56:56.4812567+09:00","3","Quick","Overflow","switch","Overflow","75","75","0,1368,2560,1440","True","explorer"
"2026-10-06T03:57:00.0350078+09:00","3","Notifications","Start","switch","Start","76","76","0,1368,2560,1440","True","SearchHost"
"2026-10-06T03:57:03.5831994+09:00","3","Notifications","Search","switch","Search","77","77","0,1368,2560,1440","True","SearchHost"
"2026-10-06T03:57:07.1239683+09:00","3","Notifications","Quick","switch","Quick","78","78","0,1368,2560,1440","True","ShellHost"
"2026-10-06T03:57:10.6496389+09:00","3","Notifications","Overflow","switch","Overflow","79","79","0,1368,2560,1440","True","explorer"
"2026-10-06T03:57:14.1841433+09:00","3","Overflow","Start","switch","Start","80","80","0,1368,2560,1440","True","SearchHost"
"2026-10-06T03:57:17.7172551+09:00","3","Overflow","Search","switch","Search","81","81","0,1368,2560,1440","True","SearchHost"
"2026-10-06T03:57:21.2375962+09:00","3","Overflow","Quick","switch","Quick","82","82","0,1368,2560,1440","True","ShellHost"
"2026-10-06T03:57:24.7756075+09:00","3","Overflow","Notifications","switch","Notifications","83","83","0,1368,2560,1440","True","ShellExperienceHost"
"2026-10-06T03:57:28.3460401+09:00","3","Start","Start","toggle","","0","84","0,1368,2560,1440","True",""
"2026-10-06T03:57:31.8531202+09:00","3","Search","Search","toggle","","0","85","0,1368,2560,1440","True",""
"2026-10-06T03:57:35.3954745+09:00","3","Quick","Quick","toggle","","0","86","0,1368,2560,1440","True",""
"2026-10-06T03:57:38.9436286+09:00","3","Notifications","Notifications","toggle","","0","87","0,1368,2560,1440","True","explorer"
"2026-10-06T03:57:42.4773337+09:00","3","Overflow","Overflow","toggle","","0","88","0,1368,2560,1440","True","explorer"
