"Time","Name","Quick","Overflow","Menus","Start","Search","Hold","Epoch","Top"
"2026-10-06T02:28:57.5539425+09:00","final-left-start","0","0","0","1","1","653","653","1368"
"2026-10-06T02:28:59.0038831+09:00","final-left-quick","1","0","0","0","0","654","654","1368"
"2026-10-06T02:29:00.0052644+09:00","final-left-search","0","0","0","0","1","655","655","1368"
"2026-10-06T02:29:01.0413858+09:00","final-left-notifications","0","0","0","0","0","656","656","1368"
"2026-10-06T02:29:02.0336184+09:00","final-left-overflow","0","1","0","0","0","657","657","1368"
"2026-10-06T02:29:03.2881286+09:00","final-left-outside","0","0","0","0","0","0","657","1438"
"2026-10-06T02:29:08.3356710+09:00","final-center-start","0","0","0","1","1","658","658","1368"
"2026-10-06T02:29:09.5749403+09:00","final-center-quick","1","0","0","0","0","659","659","1368"
"2026-10-06T02:29:12.7761602+09:00","final-helper-unloaded-open","1","0","0","0","0","0","659","1368"
"2026-10-06T02:29:15.9515971+09:00","final-helper-reloaded-open","1","0","0","0","0","660","660","1368"
"2026-10-06T02:29:16.8662392+09:00","final-helper-reloaded-escape","0","0","0","0","0","0","660","1438"
"2026-10-06T02:29:18.8843672+09:00","final-motion-before","1","0","0","0","0","661","661","1368"
"2026-10-06T02:29:22.2866109+09:00","final-motion-unloaded-open","1","0","0","0","0","661","661","1368"
"2026-10-06T02:29:25.4940604+09:00","final-motion-reloaded-open","1","0","0","0","0","661","661","1368"
"2026-10-06T02:29:26.3744196+09:00","final-motion-reloaded-escape","0","0","0","0","0","0","661","1438"
"2026-10-06T02:29:32.2004466+09:00","final-shellhost-restarted-main","1","0","0","0","0","662","662","1368"
"2026-10-06T02:29:33.1150007+09:00","final-shellhost-restarted-wifi","1","0","0","0","0","662","662","1368"
"2026-10-06T02:29:34.0040468+09:00","final-shellhost-restarted-back","1","0","0","0","0","662","662","1368"
"2026-10-06T02:29:34.8988257+09:00","final-shellhost-restarted-close","0","0","0","0","0","0","662","1438"
"2026-10-06T02:29:45.4077623+09:00","final-explorer-restarted-start","0","0","0","1","1","1","1","1368"
"2026-10-06T02:29:46.3713395+09:00","final-explorer-restarted-quick","1","0","0","0","0","2","2","1368"
"2026-10-06T02:29:47.3583838+09:00","final-explorer-restarted-search","0","0","0","0","1","3","3","1368"
"2026-10-06T02:29:48.3601414+09:00","final-explorer-restarted-notifications","0","0","0","0","0","4","4","1368"
"2026-10-06T02:29:49.3460778+09:00","final-explorer-restarted-overflow","0","1","0","0","0","5","5","1368"
"2026-10-06T02:29:50.6038922+09:00","final-explorer-restarted-outside","0","0","0","0","0","0","5","1438"
"2026-10-06T02:29:55.8226709+09:00","final-normal-traceoff-quick","1","0","0","0","0","6","6","1368"
"2026-10-06T02:29:56.7237569+09:00","final-normal-traceoff-escape","0","0","0","0","0","0","6","1438"
"2026-10-06T02:29:56.8681886+09:00","final-normal-idle","0","0","0","0","0","0","6","1438"
